HMM_State_Final,Count,Ret_Mean,PC1_Mean,PC2_Mean
0,3836,-1.5922510459719301,-10.33184570169733,-3.8593133363192162
1,12932,-0.6478366618693151,-1.9724558738289328,1.311038239269478
2,3838,3.8778804913756284,16.972579330918894,-0.5601929526087461
