HMM_State_Final,Count,Ret_t_scaled_Mean,MA_Trend_Mean
0,3810,-1.5820758810164823,0.11906349545335498
1,13010,-0.634855854819504,-0.19195723555976363
2,3786,3.878708499770709,0.6313590568067438
