HMM_State_Final,Count,Ret_t_scaled_Mean,MA_Trend_Mean,Volatility_Mean
0,6194,-2.354134567782724,-0.3908992476037512,-0.3468121474069947
1,8219,0.8043349599304064,0.3285099729123688,0.012203951119272034
2,6193,1.351249326567987,0.010947867657995389,-0.31940883353442373
